[{
    "pk": 1,
    "model": "idea.ideatype",
    "fields": {
        "name": "Local Business"
    }
}, {
    "pk": 2,
    "model": "idea.ideatype",
    "fields": {
        "name": "Local Food"
    }
}, {
    "pk": 3,
    "model": "idea.ideatype",
    "fields": {
        "name": "organization Improvement"
    }
}, {
    "pk": 4,
    "model": "idea.ideatype",
    "fields": {
        "name": "National Chain"
    }
}, {
    "pk": 1,
    "model": "idea.idea",
    "fields": {
        "name": "streetlight",
        "date_modified": "2013-11-21T03:13:48.664Z",
        "object_id": 6,
        "user": 28,
        "content_type": 25,
        "date_created": "2013-10-01T16:54:11.926Z",
        "what_kind": 1,
        "what_for": "live",
        "description": "It will make it extremely safe."
    }
}, {
    "pk": 2,
    "model": "idea.idea",
    "fields": {
        "name": "a traffic cop",
        "date_modified": "2013-11-21T03:13:48.667Z",
        "object_id": 6,
        "user": 28,
        "content_type": 25,
        "date_created": "2013-10-01T19:33:27.877Z",
        "what_kind": 1,
        "what_for": "work",
        "description": "he can direct the traffic"
    }
}, {
    "pk": 3,
    "model": "idea.idea",
    "fields": {
        "name": "time machine",
        "date_modified": "2013-11-21T03:13:48.669Z",
        "object_id": 6,
        "user": 28,
        "content_type": 25,
        "date_created": "2013-10-01T21:12:29.276Z",
        "what_kind": 1,
        "what_for": "play",
        "description": "Go, go go!"
    }
}, {
    "pk": 4,
    "model": "idea.idea",
    "fields": {
        "name": "time machine",
        "date_modified": "2013-11-21T03:13:48.671Z",
        "object_id": 6,
        "user": 28,
        "content_type": 25,
        "date_created": "2013-10-01T21:22:25.796Z",
        "what_kind": 1,
        "what_for": "play",
        "description": "Go, go go!"
    }
}, {
    "pk": 5,
    "model": "idea.idea",
    "fields": {
        "name": "raquetball",
        "date_modified": "2013-11-21T03:13:48.673Z",
        "object_id": 6,
        "user": 28,
        "content_type": 25,
        "date_created": "2013-10-01T21:25:20.166Z",
        "what_kind": 1,
        "what_for": "play",
        "description": "Hit that ball."
    }
}, {
    "pk": 6,
    "model": "idea.idea",
    "fields": {
        "name": "raquetball",
        "date_modified": "2013-11-21T03:13:48.675Z",
        "object_id": 6,
        "user": 28,
        "content_type": 25,
        "date_created": "2013-10-01T21:26:29.929Z",
        "what_kind": 1,
        "what_for": "play",
        "description": "Hit that ball."
    }
}, {
    "pk": 7,
    "model": "idea.idea",
    "fields": {
        "name": "a food shop",
        "date_modified": "2013-11-21T03:13:48.678Z",
        "object_id": 6,
        "user": 28,
        "content_type": 25,
        "date_created": "2013-10-08T21:42:48.857Z",
        "what_kind": 1,
        "what_for": "work",
        "description": "This particular food shop would be pretty good."
    }
}, {
    "pk": 8,
    "model": "idea.idea",
    "fields": {
        "name": "rocket-powered soup station",
        "date_modified": "2013-11-21T03:13:48.680Z",
        "object_id": 6,
        "user": 28,
        "content_type": 25,
        "date_created": "2013-10-16T13:18:05.684Z",
        "what_kind": 1,
        "what_for": "live",
        "description": "I think you can imagine it."
    }
}, {
    "pk": 9,
    "model": "idea.idea",
    "fields": {
        "name": "a pie plaza",
        "date_modified": "2013-11-21T03:13:48.682Z",
        "object_id": 6,
        "user": 28,
        "content_type": 25,
        "date_created": "2013-10-16T13:46:13.805Z",
        "what_kind": 1,
        "what_for": "play",
        "description": "Exactly. "
    }
}, {
    "pk": 10,
    "model": "idea.idea",
    "fields": {
        "name": "bowling alley",
        "date_modified": "2013-11-21T03:13:48.685Z",
        "object_id": 6,
        "user": 28,
        "content_type": 25,
        "date_created": "2013-10-16T13:47:48.137Z",
        "what_kind": 1,
        "what_for": "play",
        "description": "someplace to enjoy a white russian or a sasspirilla"
    }
}, {
    "pk": 11,
    "model": "idea.idea",
    "fields": {
        "name": "something greatness",
        "date_modified": "2013-11-21T03:13:48.687Z",
        "object_id": 7,
        "user": 28,
        "content_type": 25,
        "date_created": "2013-11-21T01:01:42.411Z",
        "what_kind": 2,
        "what_for": "work",
        "description": "ok I want to see it"
    }
}, {
    "pk": 12,
    "model": "idea.idea",
    "fields": {
        "name": "Some thing",
        "date_modified": "2013-11-21T03:13:48.689Z",
        "object_id": 13,
        "user": 14,
        "content_type": 25,
        "date_created": "2013-10-18T01:18:09.348Z",
        "what_kind": 1,
        "what_for": "work",
        "description": "dafadf adfadfdsds"
    }
}, {
    "pk": 13,
    "model": "idea.idea",
    "fields": {
        "name": "goober",
        "date_modified": "2013-11-21T03:13:48.658Z",
        "object_id": 20,
        "user": 25,
        "content_type": 25,
        "date_created": "2013-11-07T03:18:58.048Z",
        "what_kind": 1,
        "what_for": "work",
        "description": "This is going to be fun"
    }
}, {
    "pk": 14,
    "model": "idea.idea",
    "fields": {
        "name": "yummy",
        "date_modified": "2013-11-21T03:13:48.660Z",
        "object_id": 18,
        "user": 14,
        "content_type": 25,
        "date_created": "2013-11-07T03:52:34.213Z",
        "what_kind": 1,
        "what_for": "work",
        "description": "dsfasdfd"
    }
}, {
    "pk": 47,
    "model": "idea.idea",
    "fields": {
        "name": "Something",
        "date_modified": "2013-11-21T03:13:48.662Z",
        "object_id": 18,
        "user": 20,
        "content_type": 25,
        "date_created": "2013-11-21T01:12:59.541Z",
        "what_kind": 1,
        "what_for": "live",
        "description": "dsfsdf"
    }
}, {
    "pk": 48,
    "model": "idea.idea",
    "fields": {
        "name": "dsaf",
        "date_modified": "2013-11-21T03:30:01.983Z",
        "object_id": 7,
        "user": 28,
        "content_type": 25,
        "date_created": "2013-11-21T03:30:01.983Z",
        "what_kind": 2,
        "what_for": "work",
        "description": "dsfdsf fds"
    }
}, {
    "pk": 11,
    "model": "idea.ideasupport",
    "fields": {
        "date_created": "2013-10-09T01:31:37.428Z",
        "user": 28,
        "idea": 3
    }
}, {
    "pk": 13,
    "model": "idea.ideasupport",
    "fields": {
        "date_created": "2013-10-10T14:00:05.426Z",
        "user": 28,
        "idea": 1
    }
}, {
    "pk": 14,
    "model": "idea.ideasupport",
    "fields": {
        "date_created": "2013-10-10T15:25:37.991Z",
        "user": 28,
        "idea": 7
    }
}, {
    "pk": 16,
    "model": "idea.ideasupport",
    "fields": {
        "date_created": "2013-10-16T13:19:32.083Z",
        "user": 28,
        "idea": 8
    }
}, {
    "pk": 17,
    "model": "idea.ideasupport",
    "fields": {
        "date_created": "2013-10-16T13:27:31.026Z",
        "user": 28,
        "idea": 4
    }
}, {
    "pk": 18,
    "model": "idea.ideasupport",
    "fields": {
        "date_created": "2013-10-16T13:27:31.849Z",
        "user": 28,
        "idea": 5
    }
}, {
    "pk": 20,
    "model": "idea.ideasupport",
    "fields": {
        "date_created": "2013-10-16T13:49:09.685Z",
        "user": 28,
        "idea": 10
    }
}, {
    "pk": 21,
    "model": "idea.ideasupport",
    "fields": {
        "date_created": "2013-10-16T13:58:14.977Z",
        "user": 28,
        "idea": 9
    }
}, {
    "pk": 22,
    "model": "idea.ideasupport",
    "fields": {
        "date_created": "2013-11-01T02:13:25.218Z",
        "user": 28,
        "idea": 1
    }
}, {
    "pk": 23,
    "model": "idea.ideasupport",
    "fields": {
        "date_created": "2013-11-01T02:13:27.389Z",
        "user": 28,
        "idea": 9
    }
}, {
    "pk": 24,
    "model": "idea.ideasupport",
    "fields": {
        "date_created": "2013-11-01T02:13:29.480Z",
        "user": 28,
        "idea": 7
    }
}, {
    "pk": 25,
    "model": "idea.ideasupport",
    "fields": {
        "date_created": "2013-11-07T03:12:32.718Z",
        "user": 28,
        "idea": 10
    }
}, {
    "pk": 26,
    "model": "idea.ideasupport",
    "fields": {
        "date_created": "2013-11-21T01:02:41.339Z",
        "user": 28,
        "idea": 11
    }
}, {
    "pk": 68,
    "model": "idea.ideasupport",
    "fields": {
        "date_created": "2013-10-18T01:23:23.125Z",
        "user": 14,
        "idea": 12
    }
}, {
    "pk": 69,
    "model": "idea.ideasupport",
    "fields": {
        "date_created": "2013-11-07T03:52:56.600Z",
        "user": 14,
        "idea": 14
    }
}, {
    "pk": 2,
    "model": "idea.ideaimage",
    "fields": {
        "idea": 3,
        "img": "ideas/efc23d83562464493b2af28580381314_1.png",
        "name": null
    }
}, {
    "pk": 3,
    "model": "idea.ideaimage",
    "fields": {
        "idea": 4,
        "img": "ideas/efc23d83562464493b2af28580381314_2.png",
        "name": null
    }
}, {
    "pk": 4,
    "model": "idea.ideaimage",
    "fields": {
        "idea": 5,
        "img": "ideas/bc7545151db1dc1979eef0dae679d44d.png",
        "name": null
    }
}, {
    "pk": 5,
    "model": "idea.ideaimage",
    "fields": {
        "idea": 6,
        "img": "ideas/bc7545151db1dc1979eef0dae679d44d_1.png",
        "name": null
    }
}, {
    "pk": 6,
    "model": "idea.ideaimage",
    "fields": {
        "idea": 7,
        "img": "ideas/62dd8aa89dcb2e0273ad675f65d284d4.png",
        "name": null
    }
}, {
    "pk": 7,
    "model": "idea.ideaimage",
    "fields": {
        "idea": 8,
        "img": "ideas/dd6fe3220e68ec1c576b2e2c435faf18.jpg",
        "name": null
    }
}, {
    "pk": 8,
    "model": "idea.ideaimage",
    "fields": {
        "idea": 8,
        "img": "ideas/7fe0c39c493fb280383e8b80b7c53985.jpg",
        "name": null
    }
}, {
    "pk": 9,
    "model": "idea.ideaimage",
    "fields": {
        "idea": 10,
        "img": "ideas/dea6e259ab7cdd28df1be157e865107d.png",
        "name": null
    }
}, {
    "pk": 10,
    "model": "idea.ideaimage",
    "fields": {
        "idea": 11,
        "img": "ideas/b150ac23d9db8834a882d82a284bea0e.jpg",
        "name": null
    }
}, {
    "pk": 11,
    "model": "idea.ideaimage",
    "fields": {
        "idea": 11,
        "img": "ideas/f40e7f1449f3ff9141cf9c5f99ded659.png",
        "name": null
    }
}, {
    "pk": 12,
    "model": "idea.ideaimage",
    "fields": {
        "idea": 11,
        "img": "ideas/15aeaa7774efe85917e4a63df965df0c.jpg",
        "name": null
    }
}, {
    "pk": 13,
    "model": "idea.ideaimage",
    "fields": {
        "idea": 11,
        "img": "ideas/c2918458d3259b7e3987fb97a1888cc2.jpg",
        "name": null
    }
}, {
    "pk": 45,
    "model": "idea.ideaimage",
    "fields": {
        "idea": 13,
        "img": "ideas/3af006ceb06ec63fde1a264bafb805e9.jpeg",
        "name": null
    }
}, {
    "pk": 46,
    "model": "idea.ideaimage",
    "fields": {
        "idea": 13,
        "img": "ideas/00efa255ef62aa76ba522fd9c5ac4570.png",
        "name": null
    }
}, {
    "pk": 47,
    "model": "idea.ideaimage",
    "fields": {
        "idea": 14,
        "img": "ideas/8605cd4f1e592dba3152b9751cc6c8f9.JPG",
        "name": null
    }
}, {
    "pk": 80,
    "model": "idea.ideaimage",
    "fields": {
        "idea": 47,
        "img": "ideas/b150ac23d9db8834a882d82a284bea0e.jpg",
        "name": null
    }
}, {
    "pk": 1,
    "model": "idea.idealink",
    "fields": {
        "url": "",
        "idea": 8,
        "name": ""
    }
}, {
    "pk": 2,
    "model": "idea.idealink",
    "fields": {
        "url": "http://en.wikipedia.org/wiki/Pie",
        "idea": 9,
        "name": "http://en.wikipedia.org/wiki/Pie"
    }
}, {
    "pk": 3,
    "model": "idea.idealink",
    "fields": {
        "url": "http://amf.com/home",
        "idea": 10,
        "name": "http://amf.com/home"
    }
}, {
    "pk": 4,
    "model": "idea.idealink",
    "fields": {
        "url": "",
        "idea": 11,
        "name": ""
    }
}, {
    "pk": 5,
    "model": "idea.idealink",
    "fields": {
        "url": "",
        "idea": 14,
        "name": ""
    }
}, {
    "pk": 38,
    "model": "idea.idealink",
    "fields": {
        "url": "",
        "idea": 47,
        "name": ""
    }
}, {
    "pk": 39,
    "model": "idea.idealink",
    "fields": {
        "url": "",
        "idea": 48,
        "name": ""
    }
}]